reference,conservation-area,name,documentation-url,document-url,document-type,notes,entry_date,start_date,end_date
D_281_SCA_CA1_1,281_SCA_CA1,Barrow Road,https://greatercambridgeplanning.org/design-heritage-and-environment/historic-environment/conservation-areas/conservation-area-appraisals/#A2,https://greatercambridgeplanning.org/media/1612/barrow_road_conservation-area-appraisal-2016.pdf,area-appraisal,Extra documents are available. This has been collected by MHCLG,,,
D_281_SCA_CA1_2,281_SCA_CA1,Barrow Road,https://greatercambridgeplanning.org/design-heritage-and-environment/historic-environment/conservation-areas/conservation-area-appraisals/#A2,https://greatercambridgeplanning.org/media/1613/barrow_road_conservation-area-map-2016.pdf,area-map,Extra documents are available. This has been collected by MHCLG,,,
D_281_SCA_CA2_1,281_SCA_CA2,Brooklands,https://greatercambridgeplanning.org/design-heritage-and-environment/historic-environment/conservation-areas/conservation-area-appraisals/#A3,https://greatercambridgeplanning.org/media/1614/brooklands-avenue-conservation-area-appraisal-2013.pdf,area-appraisal,Extra documents are available. This has been collected by MHCLG,,,
D_281_SCA_CA2_2,281_SCA_CA2,Brooklands,https://greatercambridgeplanning.org/design-heritage-and-environment/historic-environment/conservation-areas/conservation-area-appraisals/#A3,https://greatercambridgeplanning.org/media/1615/brooklands-conservation-area-map.jpg,area-map,Extra documents are available. This has been collected by MHCLG,,,
D_281_SCA_CA3_1,281_SCA_CA3,Castle and Victoria Road,https://greatercambridgeplanning.org/design-heritage-and-environment/historic-environment/conservation-areas/conservation-area-appraisals/#A4,https://greatercambridgeplanning.org/media/1616/castle-and-victoria-road-conservation-area-appraisal-2012_with-addendum-2013.pdf,area-appraisal,Extra documents are available. This has been collected by MHCLG,,,
D_281_SCA_CA3_2,281_SCA_CA3,Castle and Victoria Road,https://greatercambridgeplanning.org/design-heritage-and-environment/historic-environment/conservation-areas/conservation-area-appraisals/#A4,https://greatercambridgeplanning.org/media/1617/castle-and-victoria-road-conservation-area-map-2013.pdf,area-map,Extra documents are available. This has been collected by MHCLG,,,
D_281_SCA_CA4_1,281_SCA_CA4,Central,https://greatercambridgeplanning.org/design-heritage-and-environment/historic-environment/conservation-areas/conservation-area-appraisals/#A5,https://greatercambridgeplanning.org/design-heritage-and-environment/historic-environment/conservation-areas/historic-core-appraisals/,area-appraisal,Extra documents are available. This has been collected by MHCLG,,,
D_281_SCA_CA4_2,281_SCA_CA4,Central,https://greatercambridgeplanning.org/design-heritage-and-environment/historic-environment/conservation-areas/conservation-area-appraisals/#A5,https://greatercambridgeplanning.org/media/1563/historic-core-appraisal-2016-area-map.pdf,area-map,Extra documents are available. This has been collected by MHCLG,,,
D_281_SCA_CA5_1,281_SCA_CA5,Chesterton,https://greatercambridgeplanning.org/design-heritage-and-environment/historic-environment/conservation-areas/conservation-area-appraisals/#A6,https://greatercambridgeplanning.org/media/2548/chesterton-ferry-lane-conservation-area-appraisal-final-may-2022.pdf,area-appraisal,Extra documents are available. This has been collected by MHCLG,,,
D_281_SCA_CA5_2,281_SCA_CA5,Chesterton,https://greatercambridgeplanning.org/design-heritage-and-environment/historic-environment/conservation-areas/conservation-area-appraisals/#A6,https://greatercambridgeplanning.org/media/1618/chesterton-conservation-area-map.jpg,area-map,Extra documents are available. This has been collected by MHCLG,,,
D_281_SCA_CA6_1,281_SCA_CA6,Conduit Head Road,https://greatercambridgeplanning.org/design-heritage-and-environment/historic-environment/conservation-areas/conservation-area-appraisals/#A7,https://greatercambridgeplanning.org/media/o1gko1ol/conduit-head-road-ca-appraisal-1.pdf,area-appraisal,Extra documents are available. This has been collected by MHCLG,,,
D_281_SCA_CA6_2,281_SCA_CA6,Conduit Head Road,https://greatercambridgeplanning.org/design-heritage-and-environment/historic-environment/conservation-areas/conservation-area-appraisals/#A7,https://greatercambridgeplanning.org/media/1621/conduit-head-road-conservation-area-map.jpg,area-map,Extra documents are available. This has been collected by MHCLG,,,
D_281_SCA_CA7_1,281_SCA_CA7,De Freville,https://greatercambridgeplanning.org/design-heritage-and-environment/historic-environment/conservation-areas/conservation-area-appraisals/#A8,https://greatercambridgeplanning.org/media/2398/de-freville-2020.pdf,area-appraisal,Extra documents are available. This has been collected by MHCLG,,,
D_281_SCA_CA7_2,281_SCA_CA7,De Freville,https://greatercambridgeplanning.org/design-heritage-and-environment/historic-environment/conservation-areas/conservation-area-appraisals/#A8,https://greatercambridgeplanning.org/media/1623/defreville-conservation-area-map.jpg,area-map,Extra documents are available. This has been collected by MHCLG,,,
D_281_SCA_CA8_1,281_SCA_CA8,Ferry Lane,https://greatercambridgeplanning.org/design-heritage-and-environment/historic-environment/conservation-areas/conservation-area-appraisals/#A9,https://greatercambridgeplanning.org/media/2548/chesterton-ferry-lane-conservation-area-appraisal-final-may-2022.pdf,area-appraisal,Extra documents are available. This has been collected by MHCLG,,,
D_281_SCA_CA8_2,281_SCA_CA8,Ferry Lane,https://greatercambridgeplanning.org/design-heritage-and-environment/historic-environment/conservation-areas/conservation-area-appraisals/#A9,https://greatercambridgeplanning.org/media/1625/ferrylane-conservation-area-map.jpg,area-map,Extra documents are available. This has been collected by MHCLG,,,
D_281_SCA_CA9_1,281_SCA_CA9,Howes Place,https://greatercambridgeplanning.org/design-heritage-and-environment/historic-environment/conservation-areas/conservation-area-appraisals/#H,https://greatercambridgeplanning.org/media/w5yp5dlv/howes-place-conservation-area-appraisal-final.pdf,area-appraisal,Extra documents are available. This has been collected by MHCLG,,,
D_281_SCA_CA9_2,281_SCA_CA9,Howes Place,https://greatercambridgeplanning.org/design-heritage-and-environment/historic-environment/conservation-areas/conservation-area-appraisals/#H,https://greatercambridgeplanning.org/media/nf2lylxt/howes-place-conservation-area-boundary-map.pdf,area-map,Extra documents are available. This has been collected by MHCLG,,,
D_281_SCA_CA10_1,281_SCA_CA10,The Kite,https://greatercambridgeplanning.org/design-heritage-and-environment/historic-environment/conservation-areas/conservation-area-appraisals/#A10,https://greatercambridgeplanning.org/media/1634/the-kite-conservation-area-appraisal-2014.pdf,area-appraisal,Extra documents are available. This has been collected by MHCLG,,,
D_281_SCA_CA10_2,281_SCA_CA10,The Kite,https://greatercambridgeplanning.org/design-heritage-and-environment/historic-environment/conservation-areas/conservation-area-appraisals/#A10,https://greatercambridgeplanning.org/media/1638/the-kite-conservation-area-map.pdf,area-map,Extra documents are available. This has been collected by MHCLG,,,
D_281_SCA_CA11_1,281_SCA_CA11,Mill Road,https://greatercambridgeplanning.org/design-heritage-and-environment/historic-environment/conservation-areas/conservation-area-appraisals/#A11,https://greatercambridgeplanning.org/media/1626/mill-road-conservation-area-appraisal-2011.pdf,area-appraisal,Extra documents are available. This has been collected by MHCLG,,,
D_281_SCA_CA11_2,281_SCA_CA11,Mill Road,https://greatercambridgeplanning.org/design-heritage-and-environment/historic-environment/conservation-areas/conservation-area-appraisals/#A11,https://greatercambridgeplanning.org/media/1639/mill-road-conservation-area-map.pdf,area-map,Extra documents are available. This has been collected by MHCLG,,,
D_281_SCA_CA12_1,281_SCA_CA12,New Town and Glisson Road,https://greatercambridgeplanning.org/design-heritage-and-environment/historic-environment/conservation-areas/conservation-area-appraisals/#A12,https://greatercambridgeplanning.org/media/1628/new-town-and-glisson-road-conservation-area-appraisal-2012.pdf,area-appraisal,Extra documents are available. This has been collected by MHCLG,,,
D_281_SCA_CA12_2,281_SCA_CA12,New Town and Glisson Road,https://greatercambridgeplanning.org/design-heritage-and-environment/historic-environment/conservation-areas/conservation-area-appraisals/#A12,https://greatercambridgeplanning.org/media/1641/new-town-and-glisson-road-conservation-area-map.pdf,area-map,Extra documents are available. This has been collected by MHCLG,,,
D_281_SCA_CA13_1,281_SCA_CA13,Newnham Croft,https://greatercambridgeplanning.org/design-heritage-and-environment/historic-environment/conservation-areas/conservation-area-appraisals/#A13,https://greatercambridgeplanning.org/media/1627/newnham-croft-conservation-area-appraisal-2013.pdf,area-appraisal,Extra documents are available. This has been collected by MHCLG,,,
D_281_SCA_CA13_2,281_SCA_CA13,Newnham Croft,https://greatercambridgeplanning.org/design-heritage-and-environment/historic-environment/conservation-areas/conservation-area-appraisals/#A13,https://greatercambridgeplanning.org/media/1640/newnham-croft-conservation-area-map.pdf,area-map,Extra documents are available. This has been collected by MHCLG,,,
D_281_SCA_CA14_1,281_SCA_CA14,Riverside and Stourbridge Common,https://greatercambridgeplanning.org/design-heritage-and-environment/historic-environment/conservation-areas/conservation-area-appraisals/#A14,https://greatercambridgeplanning.org/media/1629/riverside-and-stourbridge-common-conservation-area-appraisal-2012.pdf,area-appraisal,Extra documents are available. This has been collected by MHCLG,,,
D_281_SCA_CA14_2,281_SCA_CA14,Riverside and Stourbridge Common,https://greatercambridgeplanning.org/design-heritage-and-environment/historic-environment/conservation-areas/conservation-area-appraisals/#A14,https://greatercambridgeplanning.org/media/1642/riverside-and-stourbridge-common-conservation-area-map.pdf,area-map,Extra documents are available. This has been collected by MHCLG,,,
D_281_SCA_CA15_1,281_SCA_CA15,Southacre,https://greatercambridgeplanning.org/design-heritage-and-environment/historic-environment/conservation-areas/conservation-area-appraisals/#A15,https://greatercambridgeplanning.org/media/1631/southacre-conservation-area-appraisal-2013.pdf,area-appraisal,Extra documents are available. This has been collected by MHCLG,,,
D_281_SCA_CA15_2,281_SCA_CA15,Southacre,https://greatercambridgeplanning.org/design-heritage-and-environment/historic-environment/conservation-areas/conservation-area-appraisals/#A15,https://greatercambridgeplanning.org/media/1630/southacre-conservation-area-map.jpg,area-map,Extra documents are available. This has been collected by MHCLG,,,
D_281_SCA_CA16_1,281_SCA_CA16,Storey’s Way,https://greatercambridgeplanning.org/design-heritage-and-environment/historic-environment/conservation-areas/conservation-area-appraisals/#A16,https://greatercambridgeplanning.org/media/1633/storeys-way-conservation-area-appraisal-2018.pdf,area-appraisal,Extra documents are available. This has been collected by MHCLG,,,
D_281_SCA_CA16_2,281_SCA_CA16,Storey’s Way,https://greatercambridgeplanning.org/design-heritage-and-environment/historic-environment/conservation-areas/conservation-area-appraisals/#A16,https://greatercambridgeplanning.org/media/1632/storeys-way-conservation-area-map.jpg,area-map,Extra documents are available. This has been collected by MHCLG,,,
D_281_SCA_CA17_1,281_SCA_CA17,Trumpington,https://greatercambridgeplanning.org/design-heritage-and-environment/historic-environment/conservation-areas/conservation-area-appraisals/#A17,https://greatercambridgeplanning.org/media/1636/trumpington-conservation-area-appraisal-2010.pdf,area-appraisal,Extra documents are available. This has been collected by MHCLG,,,
D_281_SCA_CA17_2,281_SCA_CA17,Trumpington,https://greatercambridgeplanning.org/design-heritage-and-environment/historic-environment/conservation-areas/conservation-area-appraisals/#A17,https://greatercambridgeplanning.org/media/1635/trumpington-conservation-area-map.jpg,area-map,Extra documents are available. This has been collected by MHCLG,,,
D_281_SCA_CA18_1,281_SCA_CA18,West Cambridge,https://greatercambridgeplanning.org/design-heritage-and-environment/historic-environment/conservation-areas/conservation-area-appraisals/#A18,https://greatercambridgeplanning.org/media/1637/west-cambridge-conservation-area-appraisal-2011.pdf,area-appraisal,Extra documents are available. This has been collected by MHCLG,,,
D_281_SCA_CA18_2,281_SCA_CA18,West Cambridge,https://greatercambridgeplanning.org/design-heritage-and-environment/historic-environment/conservation-areas/conservation-area-appraisals/#A18,https://greatercambridgeplanning.org/media/1644/west-cambridge-conservation-area-map.pdf,area-map,Extra documents are available. This has been collected by MHCLG,,,
D_281_SCA_CA19_1,281_SCA_CA19,Abington Pigotts - High Street,https://greatercambridgeplanning.org/design-heritage-and-environment/historic-environment/conservation-areas/conservation-area-appraisals/#A01,No Appraisal document,area-appraisal,This has been collected by MHCLG,,,
D_281_SCA_CA19_2,281_SCA_CA19,Abington Pigotts - High Street,https://greatercambridgeplanning.org/design-heritage-and-environment/historic-environment/conservation-areas/conservation-area-appraisals/#A01,https://greatercambridgeplanning.org/media/2201/abington-pigotts-conservation-area-boundary-map.pdf,area-map,This has been collected by MHCLG,,,
D_281_SCA_CA20_1,281_SCA_CA20,Abington Pigotts - St Michael's,https://greatercambridgeplanning.org/design-heritage-and-environment/historic-environment/conservation-areas/conservation-area-appraisals/#a02,No Appraisal document,area-appraisal,This has been collected by MHCLG,,,
D_281_SCA_CA20_2,281_SCA_CA20,Abington Pigotts - St Michael's,https://greatercambridgeplanning.org/design-heritage-and-environment/historic-environment/conservation-areas/conservation-area-appraisals/#a02,https://greatercambridgeplanning.org/media/2201/abington-pigotts-conservation-area-boundary-map.pdf,area-map,This has been collected by MHCLG,,,
D_281_SCA_CA21_1,281_SCA_CA21,Babraham,https://greatercambridgeplanning.org/design-heritage-and-environment/historic-environment/conservation-areas/conservation-area-appraisals/#A03,No Appraisal document,area-appraisal,This has been collected by MHCLG,,,
D_281_SCA_CA21_2,281_SCA_CA21,Babraham,https://greatercambridgeplanning.org/design-heritage-and-environment/historic-environment/conservation-areas/conservation-area-appraisals/#A03,https://greatercambridgeplanning.org/media/2202/babraham-conservation-area-boundary-map.pdf,area-map,This has been collected by MHCLG,,,
D_281_SCA_CA22_1,281_SCA_CA22,Baits Bite Lock,https://greatercambridgeplanning.org/design-heritage-and-environment/historic-environment/conservation-areas/conservation-area-appraisals/#a50,https://greatercambridgeplanning.org/media/1564/baits-bite-lock-conservation-area-appraisal-2006.pdf,area-appraisal,Extra documents are available. This has been collected by MHCLG,,,
D_281_SCA_CA22_2,281_SCA_CA22,Baits Bite Lock,https://greatercambridgeplanning.org/design-heritage-and-environment/historic-environment/conservation-areas/conservation-area-appraisals/#a50,https://greatercambridgeplanning.org/media/2532/baits_bite_lock_milton.pdf,area-map,Extra documents are available. This has been collected by MHCLG,,,
D_281_SCA_CA23_1,281_SCA_CA23,Balsham - Village Centre,https://greatercambridgeplanning.org/design-heritage-and-environment/historic-environment/conservation-areas/conservation-area-appraisals/#a04,No Appraisal document,area-appraisal,This has been collected by MHCLG,,,
D_281_SCA_CA23_2,281_SCA_CA23,Balsham - Village Centre,https://greatercambridgeplanning.org/design-heritage-and-environment/historic-environment/conservation-areas/conservation-area-appraisals/#a04,https://greatercambridgeplanning.org/media/2203/balsham-conservation-area-boundary-map.pdf,area-map,This has been collected by MHCLG,,,
D_281_SCA_CA24_1,281_SCA_CA24,Balsham - West End,https://greatercambridgeplanning.org/design-heritage-and-environment/historic-environment/conservation-areas/conservation-area-appraisals/#a05,No Appraisal document,area-appraisal,This has been collected by MHCLG,,,
D_281_SCA_CA24_2,281_SCA_CA24,Balsham - West End,https://greatercambridgeplanning.org/design-heritage-and-environment/historic-environment/conservation-areas/conservation-area-appraisals/#a05,https://greatercambridgeplanning.org/media/2203/balsham-conservation-area-boundary-map.pdf,area-map,This has been collected by MHCLG,,,
D_281_SCA_CA25_1,281_SCA_CA25,Barrington,https://greatercambridgeplanning.org/design-heritage-and-environment/historic-environment/conservation-areas/conservation-area-appraisals/#a06,https://greatercambridgeplanning.org/media/2436/adopted_accessible_conservation_area_appraisal_barrington_final.pdf,area-appraisal,Extra documents are available. This has been collected by MHCLG,,,
D_281_SCA_CA25_2,281_SCA_CA25,Barrington,https://greatercambridgeplanning.org/design-heritage-and-environment/historic-environment/conservation-areas/conservation-area-appraisals/#a06,https://greatercambridgeplanning.org/media/2435/barrington_2022.pdf,area-map,Extra documents are available. This has been collected by MHCLG,,,
D_281_SCA_CA26_1,281_SCA_CA26,Bartlow,https://greatercambridgeplanning.org/design-heritage-and-environment/historic-environment/conservation-areas/conservation-area-appraisals/#a06,https://greatercambridgeplanning.org/media/2436/adopted_accessible_conservation_area_appraisal_barrington_final.pdf,area-appraisal,Extra documents are available. This has been collected by MHCLG,,,
D_281_SCA_CA26_2,281_SCA_CA26,Bartlow,https://greatercambridgeplanning.org/design-heritage-and-environment/historic-environment/conservation-areas/conservation-area-appraisals/#a06,https://greatercambridgeplanning.org/media/2435/barrington_2022.pdf,area-map,Extra documents are available. This has been collected by MHCLG,,,
D_281_SCA_CA27_1,281_SCA_CA27,Barton - St Peter's,https://greatercambridgeplanning.org/design-heritage-and-environment/historic-environment/conservation-areas/conservation-area-appraisals/#a08,No Appraisal document,area-appraisal,This has been collected by MHCLG,,,
D_281_SCA_CA27_2,281_SCA_CA27,Barton - St Peter's,https://greatercambridgeplanning.org/design-heritage-and-environment/historic-environment/conservation-areas/conservation-area-appraisals/#a08,https://greatercambridgeplanning.org/media/2231/barton-conservation-area-boundary-map.pdf,area-map,This has been collected by MHCLG,,,
D_281_SCA_CA28_1,281_SCA_CA28,Barton - Wimpole Rd,https://greatercambridgeplanning.org/design-heritage-and-environment/historic-environment/conservation-areas/conservation-area-appraisals/#a09,No Appraisal document,area-appraisal,This has been collected by MHCLG,,,
D_281_SCA_CA28_2,281_SCA_CA28,Barton - Wimpole Rd,https://greatercambridgeplanning.org/design-heritage-and-environment/historic-environment/conservation-areas/conservation-area-appraisals/#a09,https://greatercambridgeplanning.org/media/2231/barton-conservation-area-boundary-map.pdf,area-map,This has been collected by MHCLG,,,
D_281_SCA_CA29_1,281_SCA_CA29,Bassingbourn,https://greatercambridgeplanning.org/design-heritage-and-environment/historic-environment/conservation-areas/conservation-area-appraisals/#a010,No Appraisal document,area-appraisal,This has been collected by MHCLG,,,
D_281_SCA_CA29_2,281_SCA_CA29,Bassingbourn,https://greatercambridgeplanning.org/design-heritage-and-environment/historic-environment/conservation-areas/conservation-area-appraisals/#a010,https://greatercambridgeplanning.org/media/2205/bassingbourn-conservation-area-boundary-map.pdf,area-map,This has been collected by MHCLG,,,
D_281_SCA_CA30_1,281_SCA_CA30,Bourn - Caxton End,https://greatercambridgeplanning.org/design-heritage-and-environment/historic-environment/conservation-areas/conservation-area-appraisals/#a011,No Appraisal document,area-appraisal,This has been collected by MHCLG,,,
D_281_SCA_CA30_2,281_SCA_CA30,Bourn - Caxton End,https://greatercambridgeplanning.org/design-heritage-and-environment/historic-environment/conservation-areas/conservation-area-appraisals/#a011,https://greatercambridgeplanning.org/media/2206/bourn-conservation-area-boundary-map.pdf,area-map,This has been collected by MHCLG,,,
D_281_SCA_CA31_1,281_SCA_CA31,Bourn - Village & Hall,https://greatercambridgeplanning.org/design-heritage-and-environment/historic-environment/conservation-areas/conservation-area-appraisals/#a012,No Appraisal document,area-appraisal,This has been collected by MHCLG,,,
D_281_SCA_CA31_2,281_SCA_CA31,Bourn - Village & Hall,https://greatercambridgeplanning.org/design-heritage-and-environment/historic-environment/conservation-areas/conservation-area-appraisals/#a012,https://greatercambridgeplanning.org/media/2206/bourn-conservation-area-boundary-map.pdf,area-map,This has been collected by MHCLG,,,
D_281_SCA_CA32_1,281_SCA_CA32,Caldecote,https://greatercambridgeplanning.org/design-heritage-and-environment/historic-environment/conservation-areas/conservation-area-appraisals/#a013,No Appraisal document,area-appraisal,This has been collected by MHCLG,,,
D_281_SCA_CA32_2,281_SCA_CA32,Caldecote,https://greatercambridgeplanning.org/design-heritage-and-environment/historic-environment/conservation-areas/conservation-area-appraisals/#a013,https://greatercambridgeplanning.org/media/2207/caldecote-conservation-area-boundary-map.pdf,area-map,This has been collected by MHCLG,,,
D_281_SCA_CA33_1,281_SCA_CA33,Castle Camps,https://greatercambridgeplanning.org/design-heritage-and-environment/historic-environment/conservation-areas/conservation-area-appraisals/#a014,No Appraisal document,area-appraisal,This has been collected by MHCLG,,,
D_281_SCA_CA33_2,281_SCA_CA33,Castle Camps,https://greatercambridgeplanning.org/design-heritage-and-environment/historic-environment/conservation-areas/conservation-area-appraisals/#a014,https://greatercambridgeplanning.org/media/2208/castle-camps-conservation-area-boundary-map.pdf,area-map,This has been collected by MHCLG,,,
D_281_SCA_CA34_1,281_SCA_CA34,Caxton,https://greatercambridgeplanning.org/design-heritage-and-environment/historic-environment/conservation-areas/conservation-area-appraisals/#a015,No Appraisal document,area-appraisal,This has been collected by MHCLG,,,
D_281_SCA_CA34_2,281_SCA_CA34,Caxton,https://greatercambridgeplanning.org/design-heritage-and-environment/historic-environment/conservation-areas/conservation-area-appraisals/#a015,https://greatercambridgeplanning.org/media/2209/caxton-conservation-area-boundary-map.pdf,area-map,This has been collected by MHCLG,,,
D_281_SCA_CA35_1,281_SCA_CA35,Comberton - St Mary's,https://greatercambridgeplanning.org/design-heritage-and-environment/historic-environment/conservation-areas/conservation-area-appraisals/#a016,No Appraisal document,area-appraisal,This has been collected by MHCLG,,,
D_281_SCA_CA35_2,281_SCA_CA35,Comberton - St Mary's,https://greatercambridgeplanning.org/design-heritage-and-environment/historic-environment/conservation-areas/conservation-area-appraisals/#a016,https://greatercambridgeplanning.org/media/2210/comberton-conservation-area-boundary-map.pdf,area-map,This has been collected by MHCLG,,,
D_281_SCA_CA36_1,281_SCA_CA36,Comberton - Village,https://greatercambridgeplanning.org/design-heritage-and-environment/historic-environment/conservation-areas/conservation-area-appraisals/#a017,No Appraisal document,area-appraisal,This has been collected by MHCLG,,,
D_281_SCA_CA36_2,281_SCA_CA36,Comberton - Village,https://greatercambridgeplanning.org/design-heritage-and-environment/historic-environment/conservation-areas/conservation-area-appraisals/#a017,https://greatercambridgeplanning.org/media/2210/comberton-conservation-area-boundary-map.pdf,area-map,This has been collected by MHCLG,,,
D_281_SCA_CA37_1,281_SCA_CA37,Coton,https://greatercambridgeplanning.org/design-heritage-and-environment/historic-environment/conservation-areas/conservation-area-appraisals/#a018,No Appraisal document,area-appraisal,This has been collected by MHCLG,,,
D_281_SCA_CA37_2,281_SCA_CA37,Coton,https://greatercambridgeplanning.org/design-heritage-and-environment/historic-environment/conservation-areas/conservation-area-appraisals/#a018,https://greatercambridgeplanning.org/media/2211/coton-conservation-area-boundary-map.pdf,area-map,This has been collected by MHCLG,,,
D_281_SCA_CA38_1,281_SCA_CA38,Cottenham,https://greatercambridgeplanning.org/design-heritage-and-environment/historic-environment/conservation-areas/conservation-area-appraisals/#a019,No Appraisal document,area-appraisal,This has been collected by MHCLG,,,
D_281_SCA_CA38_2,281_SCA_CA38,Cottenham,https://greatercambridgeplanning.org/design-heritage-and-environment/historic-environment/conservation-areas/conservation-area-appraisals/#a019,https://greatercambridgeplanning.org/media/2212/cottenham-conservation-area-boundary-map.pdf,area-map,This has been collected by MHCLG,,,
D_281_SCA_CA39_1,281_SCA_CA39,Croxton,https://greatercambridgeplanning.org/design-heritage-and-environment/historic-environment/conservation-areas/conservation-area-appraisals/#a020,No Appraisal document,area-appraisal,This has been collected by MHCLG,,,
D_281_SCA_CA39_2,281_SCA_CA39,Croxton,https://greatercambridgeplanning.org/design-heritage-and-environment/historic-environment/conservation-areas/conservation-area-appraisals/#a020,https://greatercambridgeplanning.org/media/2213/croxton-conservation-area-boundary-map.pdf,area-map,This has been collected by MHCLG,,,
D_281_SCA_CA40_1,281_SCA_CA40,Duxford,https://greatercambridgeplanning.org/design-heritage-and-environment/historic-environment/conservation-areas/conservation-area-appraisals/#a021,No Appraisal document,area-appraisal,This has been collected by MHCLG,,,
D_281_SCA_CA40_2,281_SCA_CA40,Duxford,https://greatercambridgeplanning.org/design-heritage-and-environment/historic-environment/conservation-areas/conservation-area-appraisals/#a021,https://greatercambridgeplanning.org/media/2214/duxford-conservation-area-boundary-map.pdf,area-map,This has been collected by MHCLG,,,
D_281_SCA_CA41_1,281_SCA_CA41,Duxford Airfield,https://greatercambridgeplanning.org/design-heritage-and-environment/historic-environment/conservation-areas/conservation-area-appraisals/#a51,https://greatercambridgeplanning.org/media/1567/duxford-airfield-conservation-area-appraisal-2007-without-maps.pdf,area-appraisal,Extra documents are available. This has been collected by MHCLG,,,
D_281_SCA_CA41_2,281_SCA_CA41,Duxford Airfield,https://greatercambridgeplanning.org/design-heritage-and-environment/historic-environment/conservation-areas/conservation-area-appraisals/#a51,https://greatercambridgeplanning.org/media/2590/duxford_airfield_230622.pdf,area-map,Extra documents are available. This has been collected by MHCLG,,,
D_281_SCA_CA42_1,281_SCA_CA42,Elsworth,https://greatercambridgeplanning.org/design-heritage-and-environment/historic-environment/conservation-areas/conservation-area-appraisals/#a022,No Appraisal document,area-appraisal,This has been collected by MHCLG,,,
D_281_SCA_CA42_2,281_SCA_CA42,Elsworth,https://greatercambridgeplanning.org/design-heritage-and-environment/historic-environment/conservation-areas/conservation-area-appraisals/#a022,https://greatercambridgeplanning.org/media/2215/elsworth-conservation-area-boundary-map.pdf,area-map,This has been collected by MHCLG,,,
D_281_SCA_CA43_1,281_SCA_CA43,Eltisley,https://greatercambridgeplanning.org/design-heritage-and-environment/historic-environment/conservation-areas/conservation-area-appraisals/#a023,No Appraisal document,area-appraisal,This has been collected by MHCLG,,,
D_281_SCA_CA43_2,281_SCA_CA43,Eltisley,https://greatercambridgeplanning.org/design-heritage-and-environment/historic-environment/conservation-areas/conservation-area-appraisals/#a023,https://greatercambridgeplanning.org/media/2216/eltisley-conservation-area-boundary-map.pdf,area-map,This has been collected by MHCLG,,,
D_281_SCA_CA44_1,281_SCA_CA44,Fen Ditton,https://greatercambridgeplanning.org/design-heritage-and-environment/historic-environment/conservation-areas/conservation-area-appraisals/#a52,https://greatercambridgeplanning.org/media/1568/fen-ditton-conservation-area-appraisal-2006.pdf,area-appraisal,Extra documents are available. This has been collected by MHCLG,,,
D_281_SCA_CA44_2,281_SCA_CA44,Fen Ditton,https://greatercambridgeplanning.org/design-heritage-and-environment/historic-environment/conservation-areas/conservation-area-appraisals/#a52,https://greatercambridgeplanning.org/media/1568/fen-ditton-conservation-area-appraisal-2006.pdf,area-map,Extra documents are available. This has been collected by MHCLG,,,
D_281_SCA_CA45_1,281_SCA_CA45,Fen Drayton,https://greatercambridgeplanning.org/design-heritage-and-environment/historic-environment/conservation-areas/conservation-area-appraisals/#a024,No Appraisal document,area-appraisal,This has been collected by MHCLG,,,
D_281_SCA_CA45_2,281_SCA_CA45,Fen Drayton,https://greatercambridgeplanning.org/design-heritage-and-environment/historic-environment/conservation-areas/conservation-area-appraisals/#a024,https://greatercambridgeplanning.org/media/2217/fen-drayton-conservation-area-boundary-map.pdf,area-map,This has been collected by MHCLG,,,
D_281_SCA_CA46_1,281_SCA_CA46,Fowlmere,https://greatercambridgeplanning.org/design-heritage-and-environment/historic-environment/conservation-areas/conservation-area-appraisals/#a025,No Appraisal document,area-appraisal,This has been collected by MHCLG,,,
D_281_SCA_CA46_2,281_SCA_CA46,Fowlmere,https://greatercambridgeplanning.org/design-heritage-and-environment/historic-environment/conservation-areas/conservation-area-appraisals/#a025,https://greatercambridgeplanning.org/media/2218/fowlmere-conservation-area-boundary-map.pdf,area-map,This has been collected by MHCLG,,,
D_281_SCA_CA47_1,281_SCA_CA47,Foxton,https://greatercambridgeplanning.org/design-heritage-and-environment/historic-environment/conservation-areas/conservation-area-appraisals/#a53,https://greatercambridgeplanning.org/media/1569/foxton_conservation_area_appraisal_2018.pdf,area-appraisal,Extra documents are available. This has been collected by MHCLG,,,
D_281_SCA_CA47_2,281_SCA_CA47,Foxton,https://greatercambridgeplanning.org/design-heritage-and-environment/historic-environment/conservation-areas/conservation-area-appraisals/#a53,https://greatercambridgeplanning.org/media/1570/foxton_conservation_area_maps_2018.pdf,area-map,Extra documents are available. This has been collected by MHCLG,,,
D_281_SCA_CA48_1,281_SCA_CA48,Fulbourn,https://greatercambridgeplanning.org/design-heritage-and-environment/historic-environment/conservation-areas/conservation-area-appraisals/#a54,https://greatercambridgeplanning.org/media/2337/adopted-fulbourn-and-fulbourn-hospital-conservation-area-appraisal-2021_.pdf,area-appraisal,Extra documents are available. This has been collected by MHCLG,,,
D_281_SCA_CA48_2,281_SCA_CA48,Fulbourn,https://greatercambridgeplanning.org/design-heritage-and-environment/historic-environment/conservation-areas/conservation-area-appraisals/#a54,https://greatercambridgeplanning.org/media/2430/fulbourn_2021.pdf,area-map,Extra documents are available. This has been collected by MHCLG,,,
D_281_SCA_CA49_1,281_SCA_CA49,Fulbourn Hospital,https://greatercambridgeplanning.org/design-heritage-and-environment/historic-environment/conservation-areas/conservation-area-appraisals/#a72,https://greatercambridgeplanning.org/media/2337/adopted-fulbourn-and-fulbourn-hospital-conservation-area-appraisal-2021_.pdf,area-appraisal,Extra documents are available. This has been collected by MHCLG,,,
D_281_SCA_CA49_2,281_SCA_CA49,Fulbourn Hospital,https://greatercambridgeplanning.org/design-heritage-and-environment/historic-environment/conservation-areas/conservation-area-appraisals/#a72,https://greatercambridgeplanning.org/media/2431/fulbourn_hospital_2021.pdf,area-map,Extra documents are available. This has been collected by MHCLG,,,
D_281_SCA_CA50_1,281_SCA_CA50,Gamlingay,https://greatercambridgeplanning.org/design-heritage-and-environment/historic-environment/conservation-areas/conservation-area-appraisals/#a55,https://greatercambridgeplanning.org/media/1577/gamlingay-conservation-area-appraisal-2000.pdf,area-appraisal,Extra documents are available. This has been collected by MHCLG,,,
D_281_SCA_CA50_2,281_SCA_CA50,Gamlingay,https://greatercambridgeplanning.org/design-heritage-and-environment/historic-environment/conservation-areas/conservation-area-appraisals/#a55,https://greatercambridgeplanning.org/media/2236/gamlingay-conservation-area-boundary-map.pdf,area-map,Extra documents are available. This has been collected by MHCLG,,,
D_281_SCA_CA51_1,281_SCA_CA51,Grantchester,https://greatercambridgeplanning.org/design-heritage-and-environment/historic-environment/conservation-areas/conservation-area-appraisals/#a56,https://greatercambridgeplanning.org/media/1578/grantchester-conservation-area-appraisal-1999.pdf,area-appraisal,Extra documents are available. This has been collected by MHCLG,,,
D_281_SCA_CA51_2,281_SCA_CA51,Grantchester,https://greatercambridgeplanning.org/design-heritage-and-environment/historic-environment/conservation-areas/conservation-area-appraisals/#a56,https://greatercambridgeplanning.org/media/2237/granchester-conservation-area-boundary-map.pdf,area-map,Extra documents are available. This has been collected by MHCLG,,,
D_281_SCA_CA52_1,281_SCA_CA52,Great and Little Abington,https://greatercambridgeplanning.org/design-heritage-and-environment/historic-environment/conservation-areas/conservation-area-appraisals/#a026,No Appraisal document,area-appraisal,This has been collected by MHCLG,,,
D_281_SCA_CA52_2,281_SCA_CA52,Great and Little Abington,https://greatercambridgeplanning.org/design-heritage-and-environment/historic-environment/conservation-areas/conservation-area-appraisals/#a026,https://greatercambridgeplanning.org/media/2219/great-and-little-abington-conservation-area-boundary-map.pdf,area-map,This has been collected by MHCLG,,,
D_281_SCA_CA53_1,281_SCA_CA53,Great Chishill,https://greatercambridgeplanning.org/design-heritage-and-environment/historic-environment/conservation-areas/conservation-area-appraisals/#a027,No Appraisal document,area-appraisal,This has been collected by MHCLG,,,
D_281_SCA_CA53_2,281_SCA_CA53,Great Chishill,https://greatercambridgeplanning.org/design-heritage-and-environment/historic-environment/conservation-areas/conservation-area-appraisals/#a027,https://greatercambridgeplanning.org/media/2232/great-chishill-conservation-area-boundary-map.pdf,area-map,This has been collected by MHCLG,,,
D_281_SCA_CA54_1,281_SCA_CA54,Great Shelford,https://greatercambridgeplanning.org/design-heritage-and-environment/historic-environment/conservation-areas/conservation-area-appraisals/#a57,https://greatercambridgeplanning.org/media/1579/great-shelford-conservation-area-appraisal-2007-pages-1-20.pdf,area-appraisal,2 part appraisal documentExtra documents are available. This has been collected by MHCLG,,,
D_281_SCA_CA54_2,281_SCA_CA54,Great Shelford,https://greatercambridgeplanning.org/design-heritage-and-environment/historic-environment/conservation-areas/conservation-area-appraisals/#a57,https://greatercambridgeplanning.org/media/2250/great-shelford-conservation-area-boundary-map.pdf,area-map,2 part appraisal documentExtra documents are available. This has been collected by MHCLG,,,
D_281_SCA_CA55_1,281_SCA_CA55,Great Wilbraham,https://greatercambridgeplanning.org/design-heritage-and-environment/historic-environment/conservation-areas/conservation-area-appraisals/#a028,No Appraisal document,area-appraisal,This has been collected by MHCLG,,,
D_281_SCA_CA55_2,281_SCA_CA55,Great Wilbraham,https://greatercambridgeplanning.org/design-heritage-and-environment/historic-environment/conservation-areas/conservation-area-appraisals/#a028,https://greatercambridgeplanning.org/media/2221/great-wilbraham-conservation-area-boundary-map.pdf,area-map,This has been collected by MHCLG,,,
D_281_SCA_CA56_1,281_SCA_CA56,Guilden Morden,https://greatercambridgeplanning.org/design-heritage-and-environment/historic-environment/conservation-areas/conservation-area-appraisals/#a029,No Appraisal document,area-appraisal,This has been collected by MHCLG,,,
D_281_SCA_CA56_2,281_SCA_CA56,Guilden Morden,https://greatercambridgeplanning.org/design-heritage-and-environment/historic-environment/conservation-areas/conservation-area-appraisals/#a029,https://greatercambridgeplanning.org/media/2222/guilden-mordern-conservation-area-boundary-map.pdf,area-map,This has been collected by MHCLG,,,
D_281_SCA_CA57_1,281_SCA_CA57,Hardwick,https://greatercambridgeplanning.org/design-heritage-and-environment/historic-environment/conservation-areas/conservation-area-appraisals/#a030,No Appraisal document,area-appraisal,This has been collected by MHCLG,,,
D_281_SCA_CA57_2,281_SCA_CA57,Hardwick,https://greatercambridgeplanning.org/design-heritage-and-environment/historic-environment/conservation-areas/conservation-area-appraisals/#a030,https://greatercambridgeplanning.org/media/2223/hardwick-conservation-area-boundary-map.pdf,area-map,This has been collected by MHCLG,,,
D_281_SCA_CA58_1,281_SCA_CA58,Harlton,https://greatercambridgeplanning.org/design-heritage-and-environment/historic-environment/conservation-areas/conservation-area-appraisals/#a031,No Appraisal document,area-appraisal,This has been collected by MHCLG,,,
D_281_SCA_CA58_2,281_SCA_CA58,Harlton,https://greatercambridgeplanning.org/design-heritage-and-environment/historic-environment/conservation-areas/conservation-area-appraisals/#a031,https://greatercambridgeplanning.org/media/2224/harlton-conservation-area-boundary-map.pdf,area-map,This has been collected by MHCLG,,,
D_281_SCA_CA59_1,281_SCA_CA59,Haslingfield,https://greatercambridgeplanning.org/design-heritage-and-environment/historic-environment/conservation-areas/conservation-area-appraisals/#a032,No Appraisal document,area-appraisal,This has been collected by MHCLG,,,
D_281_SCA_CA59_2,281_SCA_CA59,Haslingfield,https://greatercambridgeplanning.org/design-heritage-and-environment/historic-environment/conservation-areas/conservation-area-appraisals/#a032,https://greatercambridgeplanning.org/media/2225/haslingfield-conservation-area-boundary-map.pdf,area-map,This has been collected by MHCLG,,,
D_281_SCA_CA60_1,281_SCA_CA60,Hauxton,https://greatercambridgeplanning.org/design-heritage-and-environment/historic-environment/conservation-areas/conservation-area-appraisals/#a033,https://greatercambridgeplanning.org/media/2815/hauxton-caamp-final-june-2023.pdf,area-appraisal,Extra documents are available. This has been collected by MHCLG,,,
D_281_SCA_CA60_2,281_SCA_CA60,Hauxton,https://greatercambridgeplanning.org/design-heritage-and-environment/historic-environment/conservation-areas/conservation-area-appraisals/#a033,https://greatercambridgeplanning.org/media/2226/hauxton-conservation-area-boundary-map.pdf,area-map,Extra documents are available. This has been collected by MHCLG,,,
D_281_SCA_CA61_1,281_SCA_CA61,Heydon,https://greatercambridgeplanning.org/design-heritage-and-environment/historic-environment/conservation-areas/conservation-area-appraisals/#a034,No Appraisal document,area-appraisal,This has been collected by MHCLG,,,
D_281_SCA_CA61_2,281_SCA_CA61,Heydon,https://greatercambridgeplanning.org/design-heritage-and-environment/historic-environment/conservation-areas/conservation-area-appraisals/#a034,https://greatercambridgeplanning.org/media/2227/heydon-conservation-area-boundary-map.pdf,area-map,This has been collected by MHCLG,,,
D_281_SCA_CA62_1,281_SCA_CA62,Hildersham,https://greatercambridgeplanning.org/design-heritage-and-environment/historic-environment/conservation-areas/conservation-area-appraisals/#a035,No Appraisal document,area-appraisal,This has been collected by MHCLG,,,
D_281_SCA_CA62_2,281_SCA_CA62,Hildersham,https://greatercambridgeplanning.org/design-heritage-and-environment/historic-environment/conservation-areas/conservation-area-appraisals/#a035,https://greatercambridgeplanning.org/media/2228/hildersham-conservation-area-boundary-map.pdf,area-map,This has been collected by MHCLG,,,
D_281_SCA_CA63_1,281_SCA_CA63,Hinxton,https://greatercambridgeplanning.org/design-heritage-and-environment/historic-environment/conservation-areas/conservation-area-appraisals/#a036,No Appraisal document,area-appraisal,This has been collected by MHCLG,,,
D_281_SCA_CA63_2,281_SCA_CA63,Hinxton,https://greatercambridgeplanning.org/design-heritage-and-environment/historic-environment/conservation-areas/conservation-area-appraisals/#a036,https://greatercambridgeplanning.org/media/2948/conareaappraisals_hinxton_webversion.pdf,area-map,This has been collected by MHCLG,,,
D_281_SCA_CA64_1,281_SCA_CA64,Histon & Impington - Histon Village,https://greatercambridgeplanning.org/design-heritage-and-environment/historic-environment/conservation-areas/conservation-area-appraisals/#a037,No Appraisal document,area-appraisal,This has been collected by MHCLG,,,
D_281_SCA_CA64_2,281_SCA_CA64,Histon & Impington - Histon Village,https://greatercambridgeplanning.org/design-heritage-and-environment/historic-environment/conservation-areas/conservation-area-appraisals/#a037,https://greatercambridgeplanning.org/media/2179/histon-and-impington-conservation-area-boundary-map.pdf,area-map,This has been collected by MHCLG,,,
D_281_SCA_CA65_1,281_SCA_CA65,Histon & Impington - Impington St Andrew's,https://greatercambridgeplanning.org/design-heritage-and-environment/historic-environment/conservation-areas/conservation-area-appraisals/#a038,No Appraisal document,area-appraisal,This has been collected by MHCLG,,,
D_281_SCA_CA65_2,281_SCA_CA65,Histon & Impington - Impington St Andrew's,https://greatercambridgeplanning.org/design-heritage-and-environment/historic-environment/conservation-areas/conservation-area-appraisals/#a038,https://greatercambridgeplanning.org/media/2179/histon-and-impington-conservation-area-boundary-map.pdf,area-map,This has been collected by MHCLG,,,
D_281_SCA_CA66_1,281_SCA_CA66,Horningsea,https://greatercambridgeplanning.org/design-heritage-and-environment/historic-environment/conservation-areas/conservation-area-appraisals/#a58,https://greatercambridgeplanning.org/media/1581/horningsea-conservation-area-appraisal-2006.pdf,area-appraisal,Extra documents are available. This has been collected by MHCLG,,,
D_281_SCA_CA66_2,281_SCA_CA66,Horningsea,https://greatercambridgeplanning.org/design-heritage-and-environment/historic-environment/conservation-areas/conservation-area-appraisals/#a58,https://greatercambridgeplanning.org/media/2238/horningsea-conservation-area-boundary-map.pdf,area-map,Extra documents are available. This has been collected by MHCLG,,,
D_281_SCA_CA67_1,281_SCA_CA67,Ickleton,https://greatercambridgeplanning.org/design-heritage-and-environment/historic-environment/conservation-areas/conservation-area-appraisals/#a039,No Appraisal document,area-appraisal,This has been collected by MHCLG,,,
D_281_SCA_CA67_2,281_SCA_CA67,Ickleton,https://greatercambridgeplanning.org/design-heritage-and-environment/historic-environment/conservation-areas/conservation-area-appraisals/#a039,https://greatercambridgeplanning.org/media/2180/ickleton-conservation-area-boundary-map.pdf,area-map,This has been collected by MHCLG,,,
D_281_SCA_CA68_1,281_SCA_CA68,Kingston,https://greatercambridgeplanning.org/design-heritage-and-environment/historic-environment/conservation-areas/conservation-area-appraisals/#a040,No Appraisal document,area-appraisal,This has been collected by MHCLG,,,
D_281_SCA_CA68_2,281_SCA_CA68,Kingston,https://greatercambridgeplanning.org/design-heritage-and-environment/historic-environment/conservation-areas/conservation-area-appraisals/#a040,https://greatercambridgeplanning.org/media/2181/kingston-conservation-area-boundary-map.pdf,area-map,This has been collected by MHCLG,,,
D_281_SCA_CA69_1,281_SCA_CA69,Knapwell,https://greatercambridgeplanning.org/design-heritage-and-environment/historic-environment/conservation-areas/conservation-area-appraisals/#a053,https://greatercambridgeplanning.org/media/1582/knapwell_conservation_area_appraisal_2000.pdf,area-appraisal,Extra documents are available. This has been collected by MHCLG,,,
D_281_SCA_CA69_2,281_SCA_CA69,Knapwell,https://greatercambridgeplanning.org/design-heritage-and-environment/historic-environment/conservation-areas/conservation-area-appraisals/#a053,https://greatercambridgeplanning.org/media/2239/knapwell-conservation-area-boundary-map.pdf,area-map,Extra documents are available. This has been collected by MHCLG,,,
D_281_SCA_CA70_1,281_SCA_CA70,Landbeach,https://greatercambridgeplanning.org/design-heritage-and-environment/historic-environment/conservation-areas/conservation-area-appraisals/#a041,No Appraisal document,area-appraisal,This has been collected by MHCLG,,,
D_281_SCA_CA70_2,281_SCA_CA70,Landbeach,https://greatercambridgeplanning.org/design-heritage-and-environment/historic-environment/conservation-areas/conservation-area-appraisals/#a041,https://greatercambridgeplanning.org/media/2182/lanbeach-conservation-area-boundary-map.pdf,area-map,This has been collected by MHCLG,,,
D_281_SCA_CA71_1,281_SCA_CA71,Linton,https://greatercambridgeplanning.org/design-heritage-and-environment/historic-environment/conservation-areas/conservation-area-appraisals/#a042,https://greatercambridgeplanning.org/media/2630/linton_caamp_final_220823-checked.pdf,area-appraisal,Extra documents are available. This has been collected by MHCLG,,,
D_281_SCA_CA71_2,281_SCA_CA71,Linton,https://greatercambridgeplanning.org/design-heritage-and-environment/historic-environment/conservation-areas/conservation-area-appraisals/#a042,https://greatercambridgeplanning.org/media/2631/conareaappraisals_lintonbnd_webversionfinal.pdf,area-map,Extra documents are available. This has been collected by MHCLG,,,
D_281_SCA_CA72_1,281_SCA_CA72,Litlington,https://greatercambridgeplanning.org/design-heritage-and-environment/historic-environment/conservation-areas/conservation-area-appraisals/#a043,No Appraisal document,area-appraisal,This has been collected by MHCLG,,,
D_281_SCA_CA72_2,281_SCA_CA72,Litlington,https://greatercambridgeplanning.org/design-heritage-and-environment/historic-environment/conservation-areas/conservation-area-appraisals/#a043,https://greatercambridgeplanning.org/media/2184/litlington-conservation-area-boundary-map.pdf,area-map,This has been collected by MHCLG,,,
D_281_SCA_CA73_1,281_SCA_CA73,Little Gransden,https://greatercambridgeplanning.org/design-heritage-and-environment/historic-environment/conservation-areas/conservation-area-appraisals/#a61,https://greatercambridgeplanning.org/media/1583/little-gransden-conservation-area-appraisal-2006.pdf,area-appraisal,Extra documents are available. This has been collected by MHCLG,,,
D_281_SCA_CA73_2,281_SCA_CA73,Little Gransden,https://greatercambridgeplanning.org/design-heritage-and-environment/historic-environment/conservation-areas/conservation-area-appraisals/#a61,https://greatercambridgeplanning.org/media/2251/little-gransden-conservation-area-boundary-map.pdf,area-map,Extra documents are available. This has been collected by MHCLG,,,
D_281_SCA_CA74_1,281_SCA_CA74,Little Shelford,https://greatercambridgeplanning.org/design-heritage-and-environment/historic-environment/conservation-areas/conservation-area-appraisals/#a044,No Appraisal document,area-appraisal,This has been collected by MHCLG,,,
D_281_SCA_CA74_2,281_SCA_CA74,Little Shelford,https://greatercambridgeplanning.org/design-heritage-and-environment/historic-environment/conservation-areas/conservation-area-appraisals/#a044,https://greatercambridgeplanning.org/media/2185/little-shelford-conservation-area-boundary-map.pdf,area-map,This has been collected by MHCLG,,,
D_281_SCA_CA75_1,281_SCA_CA75,Little Wilbraham,https://greatercambridgeplanning.org/design-heritage-and-environment/historic-environment/conservation-areas/conservation-area-appraisals/#a045,No Appraisal document,area-appraisal,This has been collected by MHCLG,,,
D_281_SCA_CA75_2,281_SCA_CA75,Little Wilbraham,https://greatercambridgeplanning.org/design-heritage-and-environment/historic-environment/conservation-areas/conservation-area-appraisals/#a045,https://greatercambridgeplanning.org/media/2186/little-wilbraham-conservation-area-boundary-map.pdf,area-map,This has been collected by MHCLG,,,
D_281_SCA_CA76_1,281_SCA_CA76,Longstanton,https://greatercambridgeplanning.org/design-heritage-and-environment/historic-environment/conservation-areas/conservation-area-appraisals/#a60,https://greatercambridgeplanning.org/media/1584/longstanton-conservation-area-appraisal-2005-part-1.pdf,area-appraisal,More maps availableExtra documents are available. This has been collected by MHCLG,,,
D_281_SCA_CA76_2,281_SCA_CA76,Longstanton,https://greatercambridgeplanning.org/design-heritage-and-environment/historic-environment/conservation-areas/conservation-area-appraisals/#a60,https://greatercambridgeplanning.org/media/2252/longstanton-conservation-area-boundary-map.pdf,area-map,More maps availableExtra documents are available. This has been collected by MHCLG,,,
D_281_SCA_CA77_1,281_SCA_CA77,Madingley,https://greatercambridgeplanning.org/design-heritage-and-environment/historic-environment/conservation-areas/conservation-area-appraisals/#a046,No Appraisal document,area-appraisal,This has been collected by MHCLG,,,
D_281_SCA_CA77_2,281_SCA_CA77,Madingley,https://greatercambridgeplanning.org/design-heritage-and-environment/historic-environment/conservation-areas/conservation-area-appraisals/#a046,https://greatercambridgeplanning.org/media/2187/madingly-conservation-area-boundary-map.pdf,area-map,This has been collected by MHCLG,,,
D_281_SCA_CA78_1,281_SCA_CA78,Melbourn,https://greatercambridgeplanning.org/design-heritage-and-environment/historic-environment/conservation-areas/conservation-area-appraisals/#a047,https://greatercambridgeplanning.org/media/2338/adopted-melbourn-conservation-area-appraisal-2021_.pdf,area-appraisal,Extra documents are available. This has been collected by MHCLG,,,
D_281_SCA_CA78_2,281_SCA_CA78,Melbourn,https://greatercambridgeplanning.org/design-heritage-and-environment/historic-environment/conservation-areas/conservation-area-appraisals/#a047,https://greatercambridgeplanning.org/media/2432/melbourn_2021.pdf,area-map,Extra documents are available. This has been collected by MHCLG,,,
D_281_SCA_CA79_1,281_SCA_CA79,Meldreth,https://greatercambridgeplanning.org/design-heritage-and-environment/historic-environment/conservation-areas/conservation-area-appraisals/#a048,No Appraisal document,area-appraisal,This has been collected by MHCLG,,,
D_281_SCA_CA79_2,281_SCA_CA79,Meldreth,https://greatercambridgeplanning.org/design-heritage-and-environment/historic-environment/conservation-areas/conservation-area-appraisals/#a048,https://greatercambridgeplanning.org/media/2189/meldreth-conservation-area-boundary-map.pdf,area-map,This has been collected by MHCLG,,,
D_281_SCA_CA80_1,281_SCA_CA80,Milton,https://greatercambridgeplanning.org/design-heritage-and-environment/historic-environment/conservation-areas/conservation-area-appraisals/#a049,No Appraisal document,area-appraisal,This has been collected by MHCLG,,,
D_281_SCA_CA80_2,281_SCA_CA80,Milton,https://greatercambridgeplanning.org/design-heritage-and-environment/historic-environment/conservation-areas/conservation-area-appraisals/#a049,https://greatercambridgeplanning.org/media/2190/milton-conservation-area-boundary-map.pdf,area-map,This has been collected by MHCLG,,,
D_281_SCA_CA81_1,281_SCA_CA81,Oakington,https://greatercambridgeplanning.org/design-heritage-and-environment/historic-environment/conservation-areas/conservation-area-appraisals/#a62,https://greatercambridgeplanning.org/media/1587/oakington_conservation_area_appraisal_2005-part-1.pdf,area-appraisal,Extra documents are available. This has been collected by MHCLG,,,
D_281_SCA_CA81_2,281_SCA_CA81,Oakington,https://greatercambridgeplanning.org/design-heritage-and-environment/historic-environment/conservation-areas/conservation-area-appraisals/#a62,https://greatercambridgeplanning.org/media/2240/oakington-conservation-area-boundary-map.pdf,area-map,Extra documents are available. This has been collected by MHCLG,,,
D_281_SCA_CA82_1,281_SCA_CA82,Orwell,https://greatercambridgeplanning.org/design-heritage-and-environment/historic-environment/conservation-areas/conservation-area-appraisals/#a050,No Appraisal document,area-appraisal,This has been collected by MHCLG,,,
D_281_SCA_CA82_2,281_SCA_CA82,Orwell,https://greatercambridgeplanning.org/design-heritage-and-environment/historic-environment/conservation-areas/conservation-area-appraisals/#a050,https://greatercambridgeplanning.org/media/2191/orwell-conservation-area-boundary-map.pdf,area-map,This has been collected by MHCLG,,,
D_281_SCA_CA83_1,281_SCA_CA83,Over,https://greatercambridgeplanning.org/design-heritage-and-environment/historic-environment/conservation-areas/conservation-area-appraisals/#a63,https://greatercambridgeplanning.org/media/1589/over_conservation_area_appraisal_1999.pdf,area-appraisal,Extra documents are available. This has been collected by MHCLG,,,
D_281_SCA_CA83_2,281_SCA_CA83,Over,https://greatercambridgeplanning.org/design-heritage-and-environment/historic-environment/conservation-areas/conservation-area-appraisals/#a63,https://greatercambridgeplanning.org/media/2253/over-conservation-area-boundary-map.pdf,area-map,Extra documents are available. This has been collected by MHCLG,,,
D_281_SCA_CA84_1,281_SCA_CA84,Pampisford,https://greatercambridgeplanning.org/design-heritage-and-environment/historic-environment/conservation-areas/conservation-area-appraisals/#a051,No Appraisal document,area-appraisal,This has been collected by MHCLG,,,
D_281_SCA_CA84_2,281_SCA_CA84,Pampisford,https://greatercambridgeplanning.org/design-heritage-and-environment/historic-environment/conservation-areas/conservation-area-appraisals/#a051,https://greatercambridgeplanning.org/media/2192/pampisford-conservation-area-boundary-map.pdf,area-map,This has been collected by MHCLG,,,
D_281_SCA_CA85_1,281_SCA_CA85,Papworth Everard,https://greatercambridgeplanning.org/design-heritage-and-environment/historic-environment/conservation-areas/conservation-area-appraisals/#a64,https://greatercambridgeplanning.org/media/2632/papworth_everard_caamp_final_220823-checked.pdf,area-appraisal,Extra documents are available. This has been collected by MHCLG,,,
D_281_SCA_CA85_2,281_SCA_CA85,Papworth Everard,https://greatercambridgeplanning.org/design-heritage-and-environment/historic-environment/conservation-areas/conservation-area-appraisals/#a64,https://greatercambridgeplanning.org/media/2633/conareaappraisals_papwortheverardbnd_webversion.pdf,area-map,Extra documents are available. This has been collected by MHCLG,,,
D_281_SCA_CA86_1,281_SCA_CA86,Papworth St Agnes,https://greatercambridgeplanning.org/design-heritage-and-environment/historic-environment/conservation-areas/conservation-area-appraisals/#a052,No Appraisal document,area-appraisal,This has been collected by MHCLG,,,
D_281_SCA_CA86_2,281_SCA_CA86,Papworth St Agnes,https://greatercambridgeplanning.org/design-heritage-and-environment/historic-environment/conservation-areas/conservation-area-appraisals/#a052,https://greatercambridgeplanning.org/media/2193/papworth-st-agnes-conservation-area-boundary-map.pdf,area-map,This has been collected by MHCLG,,,
D_281_SCA_CA87_1,281_SCA_CA87,Rampton,https://greatercambridgeplanning.org/design-heritage-and-environment/historic-environment/conservation-areas/conservation-area-appraisals/#a65,https://greatercambridgeplanning.org/media/1591/rampton_conservation_area_appraisal_2005-part-1.pdf,area-appraisal,Extra documents are available. This has been collected by MHCLG,,,
D_281_SCA_CA87_2,281_SCA_CA87,Rampton,https://greatercambridgeplanning.org/design-heritage-and-environment/historic-environment/conservation-areas/conservation-area-appraisals/#a65,https://greatercambridgeplanning.org/media/2241/rampton-conservation-area-boundary-map.pdf,area-map,Extra documents are available. This has been collected by MHCLG,,,
D_281_SCA_CA88_1,281_SCA_CA88,Sawston,https://greatercambridgeplanning.org/design-heritage-and-environment/historic-environment/conservation-areas/conservation-area-appraisals/#a66,https://greatercambridgeplanning.org/media/2816/sawston-caamp-final-june-2023.pdf,area-appraisal,Extra documents are available. This has been collected by MHCLG,,,
D_281_SCA_CA88_2,281_SCA_CA88,Sawston,https://greatercambridgeplanning.org/design-heritage-and-environment/historic-environment/conservation-areas/conservation-area-appraisals/#a66,https://greatercambridgeplanning.org/media/2242/sawston-conservation-area-boundary-map.pdf,area-map,Extra documents are available. This has been collected by MHCLG,,,
D_281_SCA_CA89_1,281_SCA_CA89,Shepreth,https://greatercambridgeplanning.org/design-heritage-and-environment/historic-environment/conservation-areas/conservation-area-appraisals/#a054,No Appraisal document,area-appraisal,This has been collected by MHCLG,,,
D_281_SCA_CA89_2,281_SCA_CA89,Shepreth,https://greatercambridgeplanning.org/design-heritage-and-environment/historic-environment/conservation-areas/conservation-area-appraisals/#a054,https://greatercambridgeplanning.org/media/2194/shepreth-conservation-area-boundary-map.pdf,area-map,This has been collected by MHCLG,,,
D_281_SCA_CA90_1,281_SCA_CA90,Stapleford,https://greatercambridgeplanning.org/design-heritage-and-environment/historic-environment/conservation-areas/conservation-area-appraisals/#a055,https://greatercambridgeplanning.org/media/2339/adopted-stapleford-conservation-area-appraisal-2021.pdf,area-appraisal,Extra documents are available. This has been collected by MHCLG,,,
D_281_SCA_CA90_2,281_SCA_CA90,Stapleford,https://greatercambridgeplanning.org/design-heritage-and-environment/historic-environment/conservation-areas/conservation-area-appraisals/#a055,https://greatercambridgeplanning.org/media/2433/stapleford_2021.pdf,area-map,Extra documents are available. This has been collected by MHCLG,,,
D_281_SCA_CA91_1,281_SCA_CA91,Steeple Morden - Morden Green,https://greatercambridgeplanning.org/design-heritage-and-environment/historic-environment/conservation-areas/conservation-area-appraisals/#a056,No Appraisal document,area-appraisal,This has been collected by MHCLG,,,
D_281_SCA_CA91_2,281_SCA_CA91,Steeple Morden - Morden Green,https://greatercambridgeplanning.org/design-heritage-and-environment/historic-environment/conservation-areas/conservation-area-appraisals/#a056,https://greatercambridgeplanning.org/media/2196/steeple-morden-conservation-area-boundary-map.pdf,area-map,This has been collected by MHCLG,,,
D_281_SCA_CA92_1,281_SCA_CA92,Steeple Morden - St Peter & St Paul,https://greatercambridgeplanning.org/design-heritage-and-environment/historic-environment/conservation-areas/conservation-area-appraisals/#a057,No Appraisal document,area-appraisal,This has been collected by MHCLG,,,
D_281_SCA_CA92_2,281_SCA_CA92,Steeple Morden - St Peter & St Paul,https://greatercambridgeplanning.org/design-heritage-and-environment/historic-environment/conservation-areas/conservation-area-appraisals/#a057,https://greatercambridgeplanning.org/media/2196/steeple-morden-conservation-area-boundary-map.pdf,area-map,This has been collected by MHCLG,,,
D_281_SCA_CA93_1,281_SCA_CA93,Swavesey,https://greatercambridgeplanning.org/design-heritage-and-environment/historic-environment/conservation-areas/conservation-area-appraisals/#a67,https://greatercambridgeplanning.org/media/1601/swavesey_conservation_area_appraisal_2006-part-1.pdf,area-appraisal,More maps availableExtra documents are available. This has been collected by MHCLG,,,
D_281_SCA_CA93_2,281_SCA_CA93,Swavesey,https://greatercambridgeplanning.org/design-heritage-and-environment/historic-environment/conservation-areas/conservation-area-appraisals/#a67,https://greatercambridgeplanning.org/media/2243/swavesey-conservation-area-boundary-map.pdf,area-map,More maps availableExtra documents are available. This has been collected by MHCLG,,,
D_281_SCA_CA94_1,281_SCA_CA94,Teversham,https://greatercambridgeplanning.org/design-heritage-and-environment/historic-environment/conservation-areas/conservation-area-appraisals/#a68,https://greatercambridgeplanning.org/media/1603/teversham_conservation_area_appraisal_2006.pdf,area-appraisal,Extra documents are available. This has been collected by MHCLG,,,
D_281_SCA_CA94_2,281_SCA_CA94,Teversham,https://greatercambridgeplanning.org/design-heritage-and-environment/historic-environment/conservation-areas/conservation-area-appraisals/#a68,https://greatercambridgeplanning.org/media/2244/teversham-conservation-area-boundary-map.pdf,area-map,Extra documents are available. This has been collected by MHCLG,,,
D_281_SCA_CA95_1,281_SCA_CA95,Thriplow,https://greatercambridgeplanning.org/design-heritage-and-environment/historic-environment/conservation-areas/conservation-area-appraisals/#a058,No Appraisal document,area-appraisal,This has been collected by MHCLG,,,
D_281_SCA_CA95_2,281_SCA_CA95,Thriplow,https://greatercambridgeplanning.org/design-heritage-and-environment/historic-environment/conservation-areas/conservation-area-appraisals/#a058,https://greatercambridgeplanning.org/media/2197/thriplow-conservation-area-boundary-map.pdf,area-map,This has been collected by MHCLG,,,
D_281_SCA_CA96_1,281_SCA_CA96,Toft,https://greatercambridgeplanning.org/design-heritage-and-environment/historic-environment/conservation-areas/conservation-area-appraisals/#a059,No Appraisal document,area-appraisal,This has been collected by MHCLG,,,
D_281_SCA_CA96_2,281_SCA_CA96,Toft,https://greatercambridgeplanning.org/design-heritage-and-environment/historic-environment/conservation-areas/conservation-area-appraisals/#a059,https://greatercambridgeplanning.org/media/2198/toft-conservation-area-boundary-map.pdf,area-map,This has been collected by MHCLG,,,
D_281_SCA_CA97_1,281_SCA_CA97,Waterbeach,https://greatercambridgeplanning.org/design-heritage-and-environment/historic-environment/conservation-areas/conservation-area-appraisals/#a69,https://greatercambridgeplanning.org/media/1604/waterbeach-conservation-area-appraisal-1999.pdf,area-appraisal,Extra documents are available. This has been collected by MHCLG,,,
D_281_SCA_CA97_2,281_SCA_CA97,Waterbeach,https://greatercambridgeplanning.org/design-heritage-and-environment/historic-environment/conservation-areas/conservation-area-appraisals/#a69,https://greatercambridgeplanning.org/media/2247/waterbeach-conservation-area-boundary-map.pdf,area-map,Extra documents are available. This has been collected by MHCLG,,,
D_281_SCA_CA98_1,281_SCA_CA98,West Wickham - Streetly End,https://greatercambridgeplanning.org/design-heritage-and-environment/historic-environment/conservation-areas/conservation-area-appraisals/#a060,No Appraisal document,area-appraisal,This has been collected by MHCLG,,,
D_281_SCA_CA98_2,281_SCA_CA98,West Wickham - Streetly End,https://greatercambridgeplanning.org/design-heritage-and-environment/historic-environment/conservation-areas/conservation-area-appraisals/#a060,https://greatercambridgeplanning.org/media/2199/west-wickham-streetly-end-conservation-area-boundary-map.pdf,area-map,This has been collected by MHCLG,,,
D_281_SCA_CA99_1,281_SCA_CA99,West Wickham - St Mary's,https://greatercambridgeplanning.org/design-heritage-and-environment/historic-environment/conservation-areas/conservation-area-appraisals/#a061,No Appraisal document,area-appraisal,This has been collected by MHCLG,,,
D_281_SCA_CA99_2,281_SCA_CA99,West Wickham - St Mary's,https://greatercambridgeplanning.org/design-heritage-and-environment/historic-environment/conservation-areas/conservation-area-appraisals/#a061,https://greatercambridgeplanning.org/media/2233/west-wickham-conservation-area-boundary-map.pdf,area-map,This has been collected by MHCLG,,,
D_281_SCA_CA100_1,281_SCA_CA100,West Wratting,https://greatercambridgeplanning.org/design-heritage-and-environment/historic-environment/conservation-areas/conservation-area-appraisals/#a062,No Appraisal document,area-appraisal,This has been collected by MHCLG,,,
D_281_SCA_CA100_2,281_SCA_CA100,West Wratting,https://greatercambridgeplanning.org/design-heritage-and-environment/historic-environment/conservation-areas/conservation-area-appraisals/#a062,https://greatercambridgeplanning.org/media/2282/west-wratting-conservation-area-boundary-map.pdf,area-map,This has been collected by MHCLG,,,
D_281_SCA_CA101_1,281_SCA_CA101,Westwick,https://greatercambridgeplanning.org/design-heritage-and-environment/historic-environment/conservation-areas/conservation-area-appraisals/#a70,https://greatercambridgeplanning.org/media/1605/westwick-conservation-area-appraisal-2005-part-1.pdf,area-appraisal,More maps availableExtra documents are available. This has been collected by MHCLG,,,
D_281_SCA_CA101_2,281_SCA_CA101,Westwick,https://greatercambridgeplanning.org/design-heritage-and-environment/historic-environment/conservation-areas/conservation-area-appraisals/#a70,https://greatercambridgeplanning.org/media/2248/westwick-conservation-area-boundary-map.pdf,area-map,More maps availableExtra documents are available. This has been collected by MHCLG,,,
D_281_SCA_CA102_1,281_SCA_CA102,Whittlesford,https://greatercambridgeplanning.org/design-heritage-and-environment/historic-environment/conservation-areas/conservation-area-appraisals/#a063,https://greatercambridgeplanning.org/media/4cmhcw2j/whittlesford-conservation-area-appraisal-january-2024.pdf,area-appraisal,Extra documents are available. This has been collected by MHCLG,,,
D_281_SCA_CA102_2,281_SCA_CA102,Whittlesford,https://greatercambridgeplanning.org/design-heritage-and-environment/historic-environment/conservation-areas/conservation-area-appraisals/#a063,https://greatercambridgeplanning.org/media/ygnjxkjj/whittlesford-conservation-area-map-2024.pdf,area-map,Extra documents are available. This has been collected by MHCLG,,,
D_281_SCA_CA103_1,281_SCA_CA103,Willingham,https://greatercambridgeplanning.org/design-heritage-and-environment/historic-environment/conservation-areas/conservation-area-appraisals/#a71,https://greatercambridgeplanning.org/media/1607/willingham-conservation-area-appraisal-1999.pdf,area-appraisal,Extra documents are available. This has been collected by MHCLG,,,
D_281_SCA_CA103_2,281_SCA_CA103,Willingham,https://greatercambridgeplanning.org/design-heritage-and-environment/historic-environment/conservation-areas/conservation-area-appraisals/#a71,https://greatercambridgeplanning.org/media/2249/willingham-conservation-area-boundary-map.pdf,area-map,Extra documents are available. This has been collected by MHCLG,,,
